{"cameraMode":{"drawMode":2,"name":"Shaded Wireframe","section":"Shading Mode"},"sceneLighting":false,"audioPlay":false,"sceneViewState":{"showFog":true,"showMaterialUpdate":false,"showSkybox":false,"showFlares":true,"showImageEffects":true,"showParticleSystems":true},"in2DMode":false,"pivot":{"x":-0.51458740234375,"y":0.302734375,"z":-0.0028839111328125},"rotation":{"x":0.3712562620639801,"y":-0.5847039222717285,"z":0.3417237102985382,"w":0.6352359652519226},"size":1.0363473892211915,"orthographic":true}