{"cameraMode":{"drawMode":0,"name":"Shaded","section":"Shading Mode"},"sceneLighting":false,"audioPlay":false,"sceneViewState":{"showFog":true,"showMaterialUpdate":false,"showSkybox":true,"showFlares":true,"showImageEffects":true,"showParticleSystems":true},"in2DMode":false,"pivot":{"x":252.56011962890626,"y":65.107421875,"z":243.5423583984375},"rotation":{"x":0.6897132992744446,"y":-0.04442642629146576,"z":0.04247087985277176,"w":0.7214699983596802},"size":14.2469482421875,"orthographic":true}