{"cameraMode":{"drawMode":2,"name":"Shaded Wireframe","section":"Shading Mode"},"sceneLighting":false,"audioPlay":false,"sceneViewState":{"showFog":true,"showMaterialUpdate":false,"showSkybox":false,"showFlares":true,"showImageEffects":true,"showParticleSystems":true},"in2DMode":false,"pivot":{"x":0.244384765625,"y":0.700439453125,"z":-0.188140869140625},"rotation":{"x":0.29818597435951235,"y":-0.581360399723053,"z":0.24162396788597108,"w":0.7174473404884338},"size":0.8660284876823425,"orthographic":true}