{"cameraMode":{"drawMode":2,"name":"Shaded Wireframe","section":"Shading Mode"},"sceneLighting":false,"audioPlay":false,"sceneViewState":{"showFog":true,"showMaterialUpdate":false,"showSkybox":false,"showFlares":true,"showImageEffects":true,"showParticleSystems":true},"in2DMode":false,"pivot":{"x":0.078857421875,"y":0.06884765625,"z":0.1783447265625},"rotation":{"x":0.1961289495229721,"y":-0.46054837107658389,"z":0.10511483997106552,"w":0.8592951893806458},"size":0.9049965143203735,"orthographic":true}