{"cameraMode":{"drawMode":0,"name":"Shaded","section":"Shading Mode"},"sceneLighting":false,"audioPlay":false,"sceneViewState":{"showFog":true,"showMaterialUpdate":false,"showSkybox":true,"showFlares":true,"showImageEffects":true,"showParticleSystems":true},"in2DMode":false,"pivot":{"x":270.806396484375,"y":-0.59765625,"z":236.19529724121095},"rotation":{"x":0.5004181861877441,"y":0.4995203912258148,"z":-0.5055510401725769,"w":0.4944491386413574},"size":6.199195384979248,"orthographic":true}