{"cameraMode":{"drawMode":0,"name":"Shaded","section":"Shading Mode"},"sceneLighting":false,"audioPlay":false,"sceneViewState":{"showFog":true,"showMaterialUpdate":false,"showSkybox":true,"showFlares":true,"showImageEffects":true,"showParticleSystems":true},"in2DMode":false,"pivot":{"x":232.60000610351563,"y":0.04399999976158142,"z":249.6999969482422},"rotation":{"x":0.5752403736114502,"y":0.001227121683768928,"z":-0.0008631548844277859,"w":0.8179836869239807},"size":9.453064918518067,"orthographic":true}