{"cameraMode":{"drawMode":2,"name":"Shaded Wireframe","section":"Shading Mode"},"sceneLighting":false,"audioPlay":false,"sceneViewState":{"showFog":true,"showMaterialUpdate":false,"showSkybox":false,"showFlares":true,"showImageEffects":true,"showParticleSystems":true},"in2DMode":false,"pivot":{"x":0.0982666015625,"y":0.0574951171875,"z":0.17822265625},"rotation":{"x":0.2973853051662445,"y":-0.16785120964050294,"z":0.053192734718322757,"w":0.9383857846260071},"size":1.0792251825332642,"orthographic":true}