{"cameraMode":{"drawMode":0,"name":"Shaded","section":"Shading Mode"},"sceneLighting":false,"audioPlay":false,"sceneViewState":{"showFog":true,"showMaterialUpdate":false,"showSkybox":true,"showFlares":true,"showImageEffects":true,"showParticleSystems":true},"in2DMode":false,"pivot":{"x":239.3260498046875,"y":-3.830078125,"z":244.607421875},"rotation":{"x":0.6065600514411926,"y":-0.03574357554316521,"z":0.027313685044646264,"w":0.7937638163566589},"size":15.579191207885743,"orthographic":true}