{"cameraMode":{"drawMode":0,"name":"Shaded","section":"Shading Mode"},"sceneLighting":false,"audioPlay":false,"sceneViewState":{"showFog":true,"showMaterialUpdate":false,"showSkybox":true,"showFlares":true,"showImageEffects":true,"showParticleSystems":true},"in2DMode":false,"pivot":{"x":13.27182388305664,"y":0.841796875,"z":-9.50494384765625},"rotation":{"x":-0.6971989274024963,"y":-0.021069606766104699,"z":0.020508822053670884,"w":-0.716280996799469},"size":16.32341766357422,"orthographic":true}