{"cameraMode":{"drawMode":0,"name":"Shaded","section":"Shading Mode"},"sceneLighting":false,"audioPlay":false,"sceneViewState":{"showFog":true,"showMaterialUpdate":false,"showSkybox":true,"showFlares":true,"showImageEffects":true,"showParticleSystems":true},"in2DMode":false,"pivot":{"x":238.52883911132813,"y":0.11627256870269776,"z":239.01614379882813},"rotation":{"x":0.6744341850280762,"y":0.015501412563025952,"z":-0.014165529049932957,"w":0.7380383610725403},"size":15.108241081237793,"orthographic":true}