{"cameraMode":{"drawMode":0,"name":"Shaded","section":"Shading Mode"},"sceneLighting":false,"audioPlay":false,"sceneViewState":{"showFog":true,"showMaterialUpdate":false,"showSkybox":true,"showFlares":true,"showImageEffects":true,"showParticleSystems":true},"in2DMode":false,"pivot":{"x":232.5,"y":0.04350000619888306,"z":235.8000030517578},"rotation":{"x":0.6626216769218445,"y":-0.03702225163578987,"z":0.032826267182826999,"w":0.7473199963569641},"size":5.370665550231934,"orthographic":true}