{"cameraMode":{"drawMode":0,"name":"Shaded","section":"Shading Mode"},"sceneLighting":false,"audioPlay":false,"sceneViewState":{"showFog":true,"showMaterialUpdate":false,"showSkybox":false,"showFlares":true,"showImageEffects":true,"showParticleSystems":true},"in2DMode":false,"pivot":{"x":0.56573486328125,"y":1.0335693359375,"z":-0.12353515625},"rotation":{"x":0.48296988010406496,"y":-0.41312840580940249,"z":0.27685102820396426,"w":0.7207082509994507},"size":0.8428847193717957,"orthographic":true}