{"cameraMode":{"drawMode":0,"name":"Shaded","section":"Shading Mode"},"sceneLighting":false,"audioPlay":false,"sceneViewState":{"showFog":true,"showMaterialUpdate":false,"showSkybox":false,"showFlares":true,"showImageEffects":true,"showParticleSystems":true},"in2DMode":false,"pivot":{"x":-31.70086669921875,"y":0.119140625,"z":7.00640869140625},"rotation":{"x":0.4294273257255554,"y":-0.311801016330719,"z":0.16090232133865357,"w":0.8321551084518433},"size":1.243942141532898,"orthographic":true}