{"cameraMode":{"drawMode":0,"name":"Shaded","section":"Shading Mode"},"sceneLighting":false,"audioPlay":false,"sceneViewState":{"showFog":true,"showMaterialUpdate":false,"showSkybox":true,"showFlares":true,"showImageEffects":true,"showParticleSystems":true},"in2DMode":false,"pivot":{"x":262.1545104980469,"y":-3.3984375,"z":235.85931396484376},"rotation":{"x":0.717496931552887,"y":-0.013579350896179676,"z":0.013992966152727604,"w":0.6962887048721314},"size":9.679563522338868,"orthographic":true}