{"cameraMode":{"drawMode":0,"name":"Shaded","section":"Shading Mode"},"sceneLighting":false,"audioPlay":false,"sceneViewState":{"showFog":true,"showMaterialUpdate":false,"showSkybox":false,"showFlares":true,"showImageEffects":true,"showParticleSystems":true},"in2DMode":false,"pivot":{"x":-31.700000762939454,"y":0.04350000619888306,"z":7.0},"rotation":{"x":0.2857474386692047,"y":0.42242002487182619,"z":-0.14228586852550507,"w":0.8483306765556336},"size":1.7903045415878297,"orthographic":true}